,track_name,artist(s)_name,artist_count,released_year,released_month,released_day,in_spotify_playlists,in_spotify_charts,streams,in_apple_charts
0,Seven (feat. Latto) (Explicit Ver.),"Latto, Jung Kook",2,2023,7,14,553,147,141381703,263
1,LALA,Myke Towers,1,2023,3,23,1474,48,133716286,126
2,vampire,Olivia Rodrigo,1,2023,6,30,1397,113,140003974,207
3,Cruel Summer,Taylor Swift,1,2019,8,23,7858,100,800840817,207
4,WHERE SHE GOES,Bad Bunny,1,2023,5,18,3133,50,303236322,133
5,Sprinter,"Dave, Central Cee",2,2023,6,1,2186,91,183706234,213
6,Ella Baila Sola,"Eslabon Armado, Peso Pluma",2,2023,3,16,3090,50,725980112,222
7,Columbia,Quevedo,1,2023,7,7,714,43,58149378,89
8,fukumean,Gunna,1,2023,5,15,1096,83,95217315,210
9,La Bebe - Remix,"Peso Pluma, Yng Lvcas",2,2023,3,17,2953,44,553634067,110
10,un x100to,"Bad Bunny, Grupo Frontera",2,2023,4,17,2876,40,505671438,205
11,Super Shy,NewJeans,1,2023,7,7,422,55,58255150,202
13,Daylight,David Kushner,1,2023,4,14,3528,98,387570742,156
15,Kill Bill,SZA,1,2022,12,8,8109,77,1163093654,162
16,Cupid - Twin Ver.,Fifty Fifty,1,2023,2,24,2942,77,496795686,212
18,Classy 101,"Feid, Young Miko",2,2023,3,31,2610,40,335222234,100
19,Like Crazy,Jimin,1,2023,3,24,596,68,363369738,104
20,LADY GAGA,"Gabito Ballesteros, Junior H, Peso Pluma",3,2023,6,22,332,26,86444842,163
21,I Can See You (Taylorï¿½ï¿½ï¿½s Version) (From The ,Taylor Swift,1,2023,7,7,516,38,52135248,119
23,"Peso Pluma: Bzrp Music Sessions, Vol. 55","Bizarrap, Peso Pluma",2,2023,5,31,1313,40,200647221,152
24,Popular (with Playboi Carti & Madonna) - The Idol Vol. 1 (Music from the HBO Original Series),"The Weeknd, Madonna, Playboi Carti",3,2023,6,2,1945,87,115364561,182
25,SABOR FRESA,Fuerza Regida,1,2023,6,22,250,26,78300654,149
26,Calm Down (with Selena Gomez),"Rï¿½ï¿½ma, Selena G",2,2022,3,25,7112,77,899183384,119
27,MOJABI GHOST,"Tainy, Bad Bunny",2,2023,6,29,859,40,61245289,109
28,Last Night,Morgan Wallen,1,2023,1,31,2420,19,429829812,107
29,Dance The Night (From Barbie The Album),Dua Lipa,1,2023,5,25,2988,101,127408954,0
30,Rush,Troye Sivan,1,2023,7,13,864,78,22581161,135
31,TULUM,"Peso Pluma, Grupo Frontera",2,2023,6,28,266,34,52294266,185
32,Creepin',"The Weeknd, 21 Savage, Metro Boomin",3,2022,12,2,6036,88,843957510,149
33,Anti-Hero,Taylor Swift,1,2022,10,21,9082,56,999748277,142
34,TQG,"Karol G, Shakira",2,2023,2,23,4284,49,618990393,123
36,Frï¿½ï¿½gil (feat. Grupo Front,"Yahritza Y Su Esencia, Grupo Frontera",2,2023,4,7,672,34,188933502,108
37,Blank Space,Taylor Swift,1,2014,1,1,11434,53,1355959075,123
38,Style,Taylor Swift,1,2014,1,1,7830,42,786181836,111
39,TQM,Fuerza Regida,1,2023,5,19,584,28,176553476,159
40,El Azul,"Junior H, Peso Pluma",2,2023,2,10,692,25,354495408,107
41,Sunflower - Spider-Man: Into the Spider-Verse,"Post Malone, Swae Lee",2,2018,10,9,24094,78,2808096550,117
42,I'm Good (Blue),"Bebe Rexha, David Guetta",2,2022,8,26,12482,80,1109433169,184
43,See You Again,"Tyler, The Creator, Kali Uchis",3,2017,7,21,13387,64,1047101291,58
45,Angels Like You,Miley Cyrus,1,2020,11,27,3372,19,570515054,48
47,Die For You,The Weeknd,1,2016,11,24,2483,59,1647990401,21
48,Starboy,"The Weeknd, Daft Punk",2,2016,9,21,29536,79,2565529693,137
49,Die For You - Remix,"Ariana Grande, The Weeknd",2,2023,2,24,3408,47,518745108,86
50,El Cielo,"Feid, Myke Towers, Sky Rompiendo",3,2023,6,2,1298,38,107753850,64
51,Baby Don't Hurt Me,"David Guetta, Anne-Marie, Coi Leray",3,2023,4,6,4277,66,177740666,111
52,AMARGURA,Karol G,1,2023,2,24,1133,39,153372011,71
53,(It Goes Like) Nanana - Edit,Peggy Gou,1,2023,6,15,2259,59,57876440,0
56,Moonlight,Kali Uchis,1,2023,2,24,2649,42,256483385,79
57,La Bachata,Manuel Turizo,1,2022,5,26,6804,45,1214083358,111
60,Tï¿½ï¿,"dennis, MC Kevin o Chris",2,2023,5,4,731,15,111947664,17
61,Boy's a liar Pt. 2,"PinkPantheress, Ice Spice",2,2023,2,3,5184,41,156338624,84
62,Left and Right (Feat. Jung Kook of BTS),"Charlie Puth, BTS, Jung Kook",3,2022,6,24,3107,39,720434240,0
63,BESO,"Rauw Alejandro, ROSALï¿½",2,2023,3,24,4053,50,357925728,121
64,Hey Mor,"Ozuna, Feid",2,2022,10,6,4637,38,674072710,79
65,Yellow,Chris Molitor,1,1999,1,1,31358,43,1755214421,2
66,Karma,Taylor Swift,1,2022,10,21,3818,23,404562836,55
67,People,Libianca,1,2022,12,2,3506,56,373199958,64
68,Overdrive,Post Malone,1,2023,7,14,410,36,14780425,32
69,Enchanted (Taylor's Version),Taylor Swift,1,2023,7,7,148,24,39578178,93
70,BABY HELLO,"Rauw Alejandro, Bizarrap",2,2023,6,23,1004,35,54266102,80
72,golden hour,JVKE,1,2022,7,15,4511,36,751134527,58
74,"Quevedo: Bzrp Music Sessions, Vol. 52","Bizarrap, Quevedo",2,2022,7,6,8506,45,1356565093,65
75,Viva La Vida,Coldplay,1,2008,1,1,33898,62,1592909789,0
76,Here With Me,d4vd,1,2022,7,17,3246,23,635412045,85
77,Unholy (feat. Kim Petras),"Sam Smith, Kim Petras",2,2022,9,22,8576,42,1230675890,108
78,Yandel 150,"Yandel, Feid",2,2022,12,20,3618,38,585695368,74
79,CORAZï¿½ï¿½N VA,Maria Becerra,1,2023,6,22,370,20,43857627,16
80,Riptide,Vance Joy,1,1975,1,1,31123,55,2009094673,65
81,Until I Found You (with Em Beihold) - Em Beihold Version,"Em Beihold, Stephen Sanchez",2,2022,4,22,2790,30,600976848,96
82,Novidade na ï¿½ï¿,"Mc Livinho, DJ Matt D",2,2023,6,23,267,9,39709092,6
83,Back To December (Taylor's Version),Taylor Swift,1,2023,7,7,139,17,39228929,72
84,STAY (with Justin Bieber),"Justin Bieber, The Kid Laroi",2,2021,7,9,17050,36,2665343922,99
85,El Merengue,"Marshmello, Manuel Turizo",2,2023,3,3,2114,44,223633238,75
87,Me Porto Bonito,"Chencho Corleone, Bad Bunny",2,2022,5,6,8870,43,1440757818,120
88,Makeba,Jain,1,2015,6,22,6060,53,165484133,148
89,MONTAGEM - FR PUNK,"Ayparia, unxbected",2,2012,6,20,641,50,58054811,52
90,Fast Car,Luke Combs,1,2023,3,24,1446,12,157058870,97
91,What It Is (Solo Version),Doechii,1,2023,3,17,804,25,95131998,76
92,Coco Chanel,"Bad Bunny, Eladio Carrion",2,2023,3,17,1962,38,250305248,89
93,Donï¿½ï¿½ï¿½t Bl,Taylor Swift,1,2017,11,8,4875,23,685032533,45
94,Still With You,Jung Kook,1,2020,6,5,31,39,38411956,107
95,All My Life (feat. J. Cole),"J. Cole, Lil Durk",2,2023,5,12,2175,23,144565150,145
96,Say Yes To Heaven,Lana Del Rey,1,2023,3,17,2000,46,127567540,105
97,Snooze,SZA,1,2022,12,9,2839,25,399686758,156
98,Summertime Sadness,Lana Del Rey,1,2011,1,1,20333,52,983637508,143
99,Take Two,BTS,1,2023,6,9,674,47,118482347,106
100,Lover,Taylor Swift,1,2012,1,1,8448,23,882831184,110
101,Too Many Nights (feat. Don Toliver & with Future),"Future, Metro Boomin, Don Toliver",3,2022,12,2,2110,58,286400165,119
102,Chemical,Post Malone,1,2023,4,14,2528,39,172825906,91
103,Mockingbird,Eminem,1,2004,1,1,12985,61,1241559043,98
104,New Jeans,NewJeans,1,2023,7,7,77,35,29562220,166
105,Primera Cita,Carin Leon,1,2022,4,20,266,27,77309611,40
106,Cold Heart - PNAU Remix,"Dua Lipa, Elton John, Pnau",3,2017,11,10,21097,52,1605224506,135
107,Dandelions,Ruth B.,1,2017,4,28,3423,21,1116995633,100
108,Bones,Imagine Dragons,1,2021,3,11,4198,44,838079900,108
109,Set Fire to the Rain,Adele,1,2011,1,1,14739,43,1163620694,112
110,Money Trees,"Kendrick Lamar, Jay Rock",2,2012,1,1,26792,32,1093605526,113
111,Tak Segampang Itu,Anggi Marito,1,2022,12,2,213,6,179659294,6
112,LAGUNAS,"Jasiel Nuï¿½ï¿½ez, Peso P",2,2023,6,22,58,18,39058561,106
113,Mine (Taylor's Version),Taylor Swift,1,2023,7,7,99,15,36912123,52
114,Everybody Wants To Rule The World,Tears For Fears,1,1985,2,17,41751,25,1205951614,32
115,No Role Modelz,J. Cole,1,2014,12,9,21164,36,1791000570,65
116,Tattoo,Loreen,1,2023,2,25,2988,59,201660859,102
117,Rara Vez,"Taiu, Milo j",2,2023,2,8,893,38,248088961,23
118,VAGABUNDO,"Sebastian Yatra, Manuel Turizo, Beï¿½ï",3,2023,5,12,1094,34,90839753,58
119,august,Taylor Swift,1,2020,7,24,7324,22,607123776,81
120,LUNA,"Junior H, Peso Pluma",2,2023,6,22,201,11,55842345,117
121,Miracle (with Ellie Goulding),"Calvin Harris, Ellie Goulding",2,2023,3,10,5120,48,211050784,115
122,Nonsense,Sabrina Carpenter,1,2022,7,15,2346,27,342897938,12
123,Que Vuelvas,"Carin Leon, Grupo Frontera",2,2022,12,9,763,26,2762,110
125,Feliz Cumpleaï¿½ï¿½os Fe,Feid,1,2022,8,19,3430,38,601863821,69
126,Can't Hold Us (feat. Ray Dalton),"Ray Dalton, Ryan Lewis, Macklemore",3,2011,8,16,6074,52,1953533826,44
128,lovely - Bonus Track,"Billie Eilish, Khalid",2,2017,8,11,15032,30,2355719893,96
129,"Rauw Alejandro: Bzrp Music Sessions, Vol. 56","Rauw Alejandro, Bizarrap",2,2023,6,21,871,32,66902503,59
130,Queencard,(G)I-DLE,1,2023,5,15,451,33,96273746,126
131,OMG,NewJeans,1,2023,1,2,1783,27,430977451,124
132,Radio,Lana Del Rey,1,2011,1,1,9389,46,284819874,122
133,"Shakira: Bzrp Music Sessions, Vol. 53","Shakira, Bizarrap",2,2023,1,11,5724,44,721975598,108
136,Trance (with Travis Scott & Young Thug),"Travis Scott, Young Thug, Metro Boomin",3,2022,12,2,1682,46,276259178,90
137,"Tere Vaaste (From ""Zara Hatke Zara Bachke"")","Sachin-Jigar, Shadab Faridi, Altamash Faridi, Amitabh Bhattacharya, Varun Jain",5,2023,5,22,182,8,54225632,88
138,Perfect,Ed Sheeran,1,2017,1,1,16596,13,2559529074,0
139,Romantic Homicide,d4vd,1,2022,7,20,2335,23,681583126,55
140,Believer,Imagine Dragons,1,2017,1,31,18986,23,2594040133,121
141,Novo Balanï¿½,"Veigh, Bvga Beatz, Supernova Ent, Prod Malax",4,2023,5,19,283,7,81102253,9
142,"Gol Bolinha, Gol Quadrado 2","Mc Pedrinho, DJ 900",2,2023,6,1,293,8,11956641,2
143,Without Me,Eminem,1,2002,1,1,21081,43,1687664027,76
145,Stargirl Interlude,"The Weeknd, Lana Del Rey",2,2016,11,24,1275,32,611700552,8
146,Ojitos Lindos,"Bomba Estï¿½ï¿½reo, Bad B",2,2022,5,6,6135,38,1133865788,113
147,Somewhere Only We Know,Keane,1,2004,1,1,20015,16,1089402494,69
148,Those Eyes,New West,1,2019,5,10,1507,14,411747614,71
149,El Gordo Trae El Mando,Chino Pacas,1,2023,1,27,539,21,255932395,71
150,Mi Bello Angel,Natanael Cano,1,2023,6,30,86,8,31873544,76
153,Nosso Quadro,"Ana Castela, AgroPlay",2,2023,2,2,894,9,233801632,88
154,Locked Out Of Heaven,Bruno Mars,1,2012,12,5,1622,9,1481349984,0
155,Un Finde | CROSSOVER #2,"Big One, FMK, Ke personajes",3,2023,4,4,561,14,142095275,14
157,Counting Stars,OneRepublic,1,2013,1,1,29215,43,2011464183,97
160,PRC,"Natanael Cano, Peso Pluma",2,2023,1,23,961,26,436027885,143
162,One Dance,"Drake, WizKid, Kyla",3,2016,4,4,43257,24,2713922350,107
163,Enchanted,Taylor Swift,1,2010,1,1,4564,16,621660989,101
165,Sure Thing,Miguel,1,2010,5,25,13801,19,950906471,125
166,Every Breath You Take - Remastered 2003,The Police,1,1983,1,6,22439,19,1593270737,74
167,The Night We Met,Lord Huron,1,2015,2,2,18515,35,1410088830,82
168,We Found Love,"Rihanna, Calvin Harris",2,2011,1,1,36843,21,1235005533,91
170,Let Me Down Slowly,Alec Benjamin,1,2018,5,25,5897,19,1374581173,0
171,"Am I Dreaming (Metro Boomin & A$AP Rocky, Roisee)","A$AP Rocky, Metro Boomin, Roisee",3,2023,6,2,727,16,94186466,60
172,Do I Wanna Know?,Arctic Monkeys,1,2013,1,1,33783,26,1788326445,92
173,Demons,Imagine Dragons,1,2012,1,1,26694,13,1840364617,82
174,ýýýýýýýýýýýý,YOASOBI,1,2023,4,12,356,16,143573775,102
175,Reminder,The Weeknd,1,2016,11,25,6518,17,684675814,85
176,Shake It Off,Taylor Swift,1,2014,1,1,21335,13,1113838873,70
177,Why'd You Only Call Me When You're High?,Arctic Monkeys,1,2013,1,1,23389,29,1267333350,70
179,Shape of You,Ed Sheeran,1,2017,1,6,32181,10,3562543890,0
182,Creep,Radiohead,1,1992,9,21,36724,7,1271293243,72
183,Car's Outside,James Arthur,1,2019,10,18,794,10,265882712,25
184,Apocalypse,Cigarettes After Sex,1,2017,3,21,13091,17,841749534,96
185,Cheques,Shubh,1,2023,5,19,67,8,47956378,10
186,Pink + White,Frank Ocean,1,2016,8,20,21574,30,806397070,68
188,Just The Way You Are,Bruno Mars,1,2010,1,1,21106,13,1641426668,0
189,Take Me To Church,Hozier,1,2013,9,13,23804,31,2135158446,99
190,Bebe Dame,"Fuerza Regida, Grupo Frontera",2,2022,12,16,849,22,367316268,129
191,You Belong With Me (Taylorï¿½ï¿½ï¿½s Ve,Taylor Swift,1,2021,4,9,2619,12,350381515,90
192,Titi Me Preguntï¿,Bad Bunny,1,2022,5,6,9037,42,1264310836,133
193,Better Than Revenge (Taylor's Version),Taylor Swift,1,2023,7,7,86,11,30343206,33
194,Shut up My Moms Calling,Hotel Ugly,1,2020,2,10,1788,14,405136812,50
196,Es un Secreto,Plan B,1,2010,7,20,492,36,540654286,3
197,POLARIS - Remix,"Feid, Mora, Saiko, Quevedo",4,2023,6,8,773,33,57312735,46
198,Ditto,NewJeans,1,2022,12,19,1154,22,397582059,125
199,Take On Me,a-ha,1,1984,10,19,44927,17,1479115056,0
200,"Annihilate (Spider-Man: Across the Spider-Verse) (Metro Boomin & Swae Lee, Lil Wayne, Offset)","Swae Lee, Lil Wayne, Offset, Metro Boomin",4,2023,6,2,551,4,86773632,46
201,"Angel Pt 1 (feat. Jimin of BTS, JVKE & Muni Long)","Kodak Black, NLE Choppa, Muni Long, JVKE, Jimin",5,2023,5,1,577,14,133753727,18
202,Acrï¿½ï¿½s,Shakira,1,2023,5,11,955,29,123124076,50
203,AMG,"Natanael Cano, Gabito Ballesteros, Peso Pluma",3,2022,11,24,995,19,463564958,117
204,"Phir Aur Kya Chahiye (From ""Zara Hatke Zara Bachke"")","Arijit Singh, Sachin-Jigar, Amitabha Bhattacharya",3,2023,5,15,178,6,64533040,71
205,S-Class,Stray Kids,1,2023,6,2,290,19,65496046,101
206,Hits Different,Taylor Swift,1,2023,5,26,547,0,68616963,15
207,Chanel,"Becky G, Peso Pluma",2,2023,3,30,681,10,161460990,92
208,Self Love (Spider-Man: Across the Spider-Verse) (Metro Boomin & Coi Leray),"Metro Boomin, Coi Leray",2,2023,6,2,332,5,70106975,41
209,Area Codes,"Kaliii, Kaliii",2,2023,3,17,1197,13,113509496,34
210,Abcdario,"Junior H, Eden Muï¿½ï",2,2023,5,13,262,5,89933133,60
211,Obsessed,"Abhijay Sharma, Riar Saab",2,2022,9,29,161,6,71007139,79
212,Piï¿½ï¿½man Deï¿,"Semicenk, Doï¿½ï¿½u ",2,2023,6,2,185,3,43522589,6
213,FLOWER,JISOO,1,2023,3,31,839,18,232896922,110
214,"All The Way Live (Spider-Man: Across the Spider-Verse) (Metro Boomin & Future, Lil Uzi Vert)","Future, Lil Uzi Vert, Metro Boomin",3,2023,6,2,259,0,37126685,17
215,Eyes Closed,Ed Sheeran,1,2023,3,23,2915,30,195576623,69
216,Escapism.,"RAYE, 070 Shake",2,2022,10,12,5129,25,532336353,84
217,La Jumpa,"Arcangel, Bad Bunny",2,2022,11,30,3794,34,538115192,77
218,Karma (feat. Ice Spice),"Taylor Swift, Ice Spice",2,2023,5,26,588,0,46142772,21
219,Superhero (Heroes & Villains) [with Future & Chris Brown],"Future, Chris Brown, Metro Boomin",3,2022,12,2,2959,16,401036314,69
220,Las Morras,"BLESSD, Peso Pluma",2,2023,4,4,291,8,127026613,78
221,CHORRITO PA LAS ANIMAS,Feid,1,2022,12,2,2321,36,345031710,65
222,Ch y la Pizza,"Fuerza Regida, Natanael Cano",2,2022,12,1,536,10,288101651,72
223,Snow On The Beach (feat. More Lana Del Rey),"Lana Del Rey, Taylor Swift",2,2023,5,26,359,2,60350538,0
224,Players,Coi Leray,1,2022,11,30,4096,6,335074782,48
225,Bite Me,ENHYPEN,1,2023,5,22,349,69,76767396,96
226,Stand By Me (feat. Morgan Wallen),"Lil Durk, Morgan Wallen",2,2023,5,26,381,5,46065667,82
227,Normal,Feid,1,2022,7,8,2461,36,459276435,66
228,Hummingbird (Metro Boomin & James Blake),"James Blake, Metro Boomin",2,2023,6,2,277,1,39666245,20
229,Seu Brilho Sumiu - Ao Vivo,"Israel & Rodolffo, Mari Fernandez",2,2023,3,1,967,5,138517666,29
230,Bad Habit,Steve Lacy,1,2022,6,29,8186,12,822633917,72
231,CUFF IT,Beyoncï¿,1,2022,7,29,7842,10,595900742,88
232,Lilith (feat. SUGA of BTS) (Diablo IV Anthem),"Halsey, Suga",2,2023,6,5,215,6,51985779,14
233,69,"Nicky Jam, Feid",2,2023,5,18,1134,22,57945987,14
234,Niï¿½ï¿½a Bo,"Sean Paul, Feid",2,2023,4,21,1305,34,115010040,26
235,Search & Rescue,Drake,1,2023,4,7,2066,6,175097833,70
236,AMERICA HAS A PROBLEM (feat. Kendrick Lamar),"Kendrick Lamar, Beyoncï¿",2,2023,5,19,896,0,57089066,2
237,Lavender Haze,Taylor Swift,1,2022,10,21,3763,8,488386797,43
238,"Link Up (Metro Boomin & Don Toliver, Wizkid feat. BEAM & Toian) - Spider-Verse Remix (Spider-Man: Across the Spider-Verse )","WizKid, Toian, Metro Boomin, Don Toliver, Beam",5,2023,6,2,197,0,32761689,10
239,Efecto,Bad Bunny,1,2022,5,6,4004,33,1047480053,65
240,Erro Gostoso - Ao Vivo,Simone Mendes,1,2023,1,27,984,5,153454328,57
241,Cupido,Tini,1,2023,2,14,1240,24,217672943,29
242,Just Wanna Rock,Lil Uzi Vert,1,2022,10,17,3995,13,457184829,27
244,Until I Found You,Stephen Sanchez,1,2021,9,1,4427,4,726434358,100
245,Rich Flex,"Drake, 21 Savage",2,2022,11,4,4657,18,573633020,84
246,Easy On Me,Adele,1,2021,10,14,10195,20,1406111294,87
247,Cartï¿½ï¿½o B,"MC Caverinha, KayBlack",2,2023,5,11,269,4,71573339,2
248,Danger (Spider) (Offset & JID),"Offset, JID",2,2023,6,2,214,0,24975653,3
249,Oi Balde - Ao Vivo,Zï¿½ï¿½ Neto & Crist,1,2023,2,14,845,2,145458418,57
250,The Real Slim Shady,Eminem,1,2000,1,1,20763,27,1424589568,53
251,MERCHO,"Migrantes, LiL CaKe, Nico Valdi",3,2022,12,16,1267,20,231332117,22
252,The Color Violet,Tory Lanez,1,2021,12,10,2585,32,415932686,79
253,Glimpse of Us,Joji,1,2022,6,10,6330,6,988515741,42
254,Mejor Que Yo,"Mambo Kingz, DJ Luian, Anuel Aa",3,2023,5,4,675,1,50847624,13
255,Curtains,Ed Sheeran,1,2023,5,5,715,0,39893489,3
256,UNFORGIVEN (feat. Nile Rodgers),"Nile Rodgers, LE SSERAFIM",2,2023,5,1,327,13,92035115,110
257,Haegeum,Agust D,1,2023,4,21,244,12,118810253,84
258,Conexï¿½ï¿½es de Mï¿½ï¿½fia (feat. Rich ,"Rich The Kid, Matuï¿",2,2023,4,30,385,4,77233241,7
260,Never Felt So Alone,Labrinth,1,2023,4,7,1730,3,117747907,5
261,X SI VOLVEMOS,"Karol G, Romeo Santos",2,2023,2,2,2127,33,266624541,80
262,ceilings,Lizzy McAlpine,1,2022,4,8,3242,9,293186992,55
263,Cupid,Fifty Fifty,1,2023,2,24,526,10,139681964,93
264,I AM,IVE,1,2023,4,10,366,15,123132751,102
265,Cupid ï¿½ï¿½ï¿½ Twin Ver. (FIFTY FIFTY) ï¿½ï¿½ï¿½ Spe,sped up 8282,1,1997,1,1,472,2,103762518,0
266,Shorty Party,"Cartel De Santa, La Kelly",2,2023,3,4,432,12,162887075,14
267,Super,SEVENTEEN,1,2023,4,24,271,12,91221625,103
268,Slut Me Out,NLE Choppa,1,2022,4,22,816,4,190490915,4
269,Double Fantasy (with Future),"The Weeknd, Future",2,2023,4,21,1169,0,96180277,65
270,All Of The Girls You Loved Before,Taylor Swift,1,2019,8,23,1282,6,185240616,6
271,PROVENZA,Karol G,1,2022,4,21,6587,34,885093467,104
272,Princess Diana (with Nicki Minaj),"Nicki Minaj, Ice Spice",2,2023,4,14,1444,4,104992946,0
273,Di Que Si,"Grupo Marca Registrada, Grupo Frontera",2,2023,2,3,356,10,147290338,64
275,Igualito a Mi Apï¿,"Fuerza Regida, Peso Pluma",2,2022,12,30,265,6,158950978,84
276,Shoong! (feat. LISA of BLACKPINK),"TAEYANG, Lisa",2,2023,4,25,351,9,76910644,90
277,Komang,Raim Laode,1,2022,8,16,158,4,137123880,6
278,DESPECHï¿,ROSALï¿½,1,2022,7,28,7613,33,782369383,90
279,Made You Look,Meghan Trainor,1,2022,10,21,3956,6,502574952,23
280,Watch This - ARIZONATEARS Pluggnb Remix,"sped up nightcore, ARIZONATEARS, Lil Uzi Vert",3,2023,2,5,1638,10,207033255,0
282,Punto G,Quevedo,1,2022,11,4,1985,35,381161027,26
283,Lovers Rock,TV Girl,1,2014,6,5,6339,13,466231982,1
284,METAMORPHOSIS,INTERWORLD,1,2021,11,25,1561,24,357580552,78
285,Mami Chula,"Quevedo, Jhayco",2,2023,4,27,875,4,61105704,13
286,En Paris,"El Chachito, Junior H",2,2022,12,24,406,5,198275403,31
288,I Was Never There,"The Weeknd, Gesaffelstein",2,2018,3,29,4188,15,705469769,70
289,Don't ever say love me (feat. RM of BTS),"RM, Colde",2,2023,5,4,105,0,34502215,9
291,Gato de Noche,"Nengo Flow, Bad Bunny",2,2022,12,22,2651,30,304118600,55
292,Call Out My Name,The Weeknd,1,2018,3,29,11087,6,1449799467,107
293,Like Crazy (English Version),Jimin,1,2023,3,24,373,19,173627354,72
294,Rosa Pastel,"Jasiel Nuï¿½ï¿½ez, Peso P",2,2023,2,2,200,4,90025258,77
295,Sunroof,"Nicky Youre, Dazy",2,2021,12,3,3741,17,652704649,35
296,Lose Yourself - Soundtrack Version,Eminem,1,2002,1,1,32502,21,1829992958,54
297,Superman,"Eminem, Dina Rae",2,2002,5,26,7615,14,655466831,51
298,Mas Rica Que Ayer,"Mambo Kingz, DJ Luian, Anuel Aa",3,2023,3,2,1208,34,146409671,41
299,People Pt.2 (feat. IU),"IU, Agust D",2,2023,4,7,209,4,95816024,45
300,REMIX EXCLUSIVO,Feid,1,2023,3,17,1235,9,117206995,8
301,"Arcï¿½ï¿½ngel: Bzrp Music Sessions, Vol","Arcangel, Bizarrap",2,2023,3,22,654,3,100409613,3
302,DOGTOOTH,"Tyler, The Creator",2,2023,3,27,1479,0,80758350,0
303,10:35,"Tiï¿½ï¿½sto, Tate M",2,2022,11,1,4942,26,325592432,104
304,SORRY NOT SORRY,"Tyler, The Creator",2,2023,3,31,709,0,58473276,1
305,HAPPY,NF,1,2023,3,25,660,0,52722996,7
306,La Bebe,Yng Lvcas,1,2021,12,24,489,17,191945597,11
307,I Know - PR1SVX Edit,"Kanii, PR1ISVX",2,2023,3,24,407,0,77377503,15
308,Late Night Talking,Harry Styles,1,2022,5,20,7461,8,743693613,42
309,Leï¿½,Marï¿½ï¿½lia Mendo,1,2022,12,9,993,4,267789608,84
311,Something in the Orange,Zach Bryan,1,2022,4,22,3282,12,449701773,84
312,VOID,Melanie Martinez,1,2023,3,29,596,0,67070410,9
313,Dijeron Que No La Iba Lograr,"Fuerza Regida, Chino Pacas",2,2023,3,14,320,6,116334601,48
315,If We Ever Broke Up,Mae Stephens,1,2023,2,10,2040,4,165584767,27
316,You Proof,Morgan Wallen,1,2022,5,13,2128,9,367814306,88
317,LA INOCENTE,"Feid, Mora",2,2022,4,1,2598,37,477033549,57
318,Malas Decisiones,Kenia OS,1,2022,10,26,542,2,156214700,2
319,Murder In My Mind,Kordhell,1,2022,1,21,2459,20,448843705,68
321,CAIRO,"Karol G, Ovy On The Drums",2,2022,11,13,2418,26,294352144,66
322,I Love You So,The Walters,1,2014,11,28,7536,7,972164968,19
323,Dark Red,Steve Lacy,1,2017,2,20,10431,7,920045682,53
324,Say You Won't Let Go,James Arthur,1,2016,9,9,15722,16,2420461338,37
326,Heart To Heart,Mac DeMarco,1,2019,5,10,1640,0,244658767,27
327,Peaches (from The Super Mario Bros. Movie),Jack Black,1,2023,4,7,34,0,68216992,0
328,Marisola - Remix,"Duki, NICKI NICOLE, Cris Mj, Standly, Stars Music Chile",5,2022,12,15,1845,16,223582566,8
329,LOKERA,"Brray, Rauw Alejandro, Lyanno",3,2022,7,25,3301,30,471819764,64
331,Numb,Linkin Park,1,2003,3,24,20111,5,1361425037,0
333,on the street (with J. Cole),"j-hope, J. Cole",2,2023,3,3,615,2,116599790,82
334,One Thing At A Time,Morgan Wallen,1,2022,12,2,811,4,148469433,58
335,Miss You,"Robin Schulz, Oliver Tree",2,2022,8,5,5730,10,497225336,16
336,Ainï¿½ï¿½ï¿½t Tha,Morgan Wallen,1,2023,3,3,356,4,88791109,20
337,Thinkinï¿½ï¿½ï¿½ B,Morgan Wallen,1,2023,3,3,604,6,125917280,101
338,Private Landing (feat. Justin Bieber & Future),"Don Toliver, Future, Justin Bieber",3,2023,2,23,1190,0,105062254,3
339,Everything I Love,Morgan Wallen,1,2023,1,31,579,0,95623148,54
340,Heaven,Niall Horan,1,2023,2,17,1553,2,144584800,6
341,LET GO,Central Cee,1,2022,12,15,2301,20,298063749,23
342,Sial,Mahalini,1,2023,1,23,134,4,166570053,6
343,I Wrote The Book,Morgan Wallen,1,2023,1,31,430,0,83021468,17
344,"Apna Bana Le (From ""Bhediya"")","Arijit Singh, Sachin-Jigar",2,2022,11,5,86,0,139836056,101
345,SPIT IN MY FACE!,ThxSoMch,1,2022,10,31,629,14,303216294,3
346,PLAYA DEL INGLï¿½,"Myke Towers, Quevedo",2,2022,12,15,1701,15,221409663,15
347,Man Made A Bar (feat. Eric Church),"Morgan Wallen, Eric Church",2,2023,3,3,329,0,58890931,35
348,Red Ruby Da Sleeze,Nicki Minaj,1,2023,3,3,1168,0,81419389,11
349,Kahani Suno 2.0,Kaifi Khalil,1,2022,5,31,162,6,156777415,10
350,Nobody Gets Me,SZA,1,2022,12,9,2536,6,284908316,100
351,PERO Tï¿,"Karol G, Quevedo",2,2023,2,23,387,11,93438910,15
352,Hype Boy,NewJeans,1,2022,8,1,892,17,363472647,119
353,Bloody Mary,Lady Gaga,1,2011,1,1,3909,0,372476382,26
355,ýýý98 Braves,Morgan Wallen,1,2023,3,3,282,0,56533272,15
356,WANDA,Quevedo,1,2023,1,20,888,22,175399345,24
357,Thought You Should Know,Morgan Wallen,1,2022,5,6,968,4,203221468,53
358,In The End,Linkin Park,1,2000,10,24,25065,6,1624165576,0
359,Zona De Perigo,Leo Santana,1,2022,12,8,531,4,134294498,1
360,Lovezinho,Treyce,1,2022,7,28,242,0,70069745,2
361,I Like You (A Happier Song) (with Doja Cat),"Post Malone, Doja Cat",2,2022,6,3,5281,14,609293408,21
362,Neverita,Bad Bunny,1,2022,5,6,2590,30,671365962,64
364,Sem Alianï¿½ï¿½a no ,"MC Xenon, Os Gemeos da Putaria",2,2022,12,23,454,4,93587665,1
365,Enemy (with JID) - from the series Arcane League of Legends,"Imagine Dragons, League of Legends, JID, Arcane",4,2021,9,3,6180,7,1223481149,88
366,Revenge,XXXTENTACION,1,2017,8,25,3600,11,1022258230,0
367,Bombonzinho - Ao Vivo,"Israel & Rodolffo, Ana Castela",2,2022,11,3,1254,6,263453310,69
368,LA CANCIï¿½,"J Balvin, Bad Bunny",2,2019,6,28,6398,31,1435127549,109
369,Quï¿½ï¿½ Ago,"Yuridia, Angela Aguilar",2,2022,10,20,660,15,236857112,59
370,Love Again,The Kid Laroi,1,2023,1,27,1283,0,147538971,4
371,After Hours,The Weeknd,1,2020,2,19,8084,6,698086140,115
372,About Damn Time,Lizzo,1,2022,7,15,2332,2,723894473,0
374,ýýýýýýýýýýýýýýýýýýýýý,Fujii Kaze,1,2020,5,20,685,14,403097450,94
375,Besos Moja2,"Wisin & Yandel, ROSALï¿½",2,2022,9,29,2460,13,309483971,7
376,Maan Meri Jaan,King,1,2022,10,12,288,6,319566866,80
377,Moscow Mule,Bad Bunny,1,2022,5,6,4572,33,909001996,113
378,My Universe,"Coldplay, BTS",2,2021,9,24,6127,13,1061966512,0
380,LLYLM,ROSALï¿½,1,2023,1,27,1838,0,124988687,41
382,TRUSTFALL,P!nk,1,2023,1,27,2098,16,134255790,24
383,ANTIFRAGILE,LE SSERAFIM,1,2022,10,17,761,12,301051721,95
384,Boy's a liar,PinkPantheress,1,2022,11,30,1225,0,156338624,0
386,Shirt,SZA,1,2022,10,28,3469,0,309653982,95
387,Lift Me Up - From Black Panther: Wakanda Forever - Music From and Inspired By,Rihanna,1,2022,10,28,3311,0,297328960,31
388,STAR WALKIN' (League of Legends Worlds Anthem),Lil Nas X,1,2022,9,22,2616,0,332506354,17
389,"Sex, Drugs, Etc.",Beach Weather,1,2016,11,4,3006,16,480507035,60
390,Boy With Luv (feat. Halsey),"Halsey, BTS",2,2019,4,12,4260,0,1065580332,92
391,"Hey, Mickey!",Baby Tate,1,2016,9,27,482,0,122763672,1
393,Jhoome Jo Pathaan,"Arijit Singh, Vishal Dadlani, Sukriti Kakar, Vishal-Shekhar, Shekhar Ravjiani, Kumaar",6,2022,12,22,138,4,1365184,78
394,Escapism. - Sped Up,"RAYE, 070 Shake",2,2022,11,25,1368,0,184308753,1
397,Te Felicito,"Shakira, Rauw Alejandro",2,2022,4,21,4796,9,606361689,66
398,Muï¿½ï¿½,"Steve Aoki, Tini, La Joaqui",3,2023,1,12,658,6,120972253,7
399,TV,Billie Eilish,1,2022,7,21,3009,2,338564981,89
400,I'm Not The Only One,Sam Smith,1,2014,1,1,17492,3,1606986953,24
401,Heather,Conan Gray,1,2020,3,20,6170,7,1301799902,1
402,"Besharam Rang (From ""Pathaan"")","Vishal-Shekhar, Shilpa Rao, Caralisa Monteiro, Kumaar, Vishal Dadlani, Shekhar Ravjiani",6,2022,12,12,130,4,140187018,79
404,Sugar Rush Ride,TOMORROW X TOGETHER,1,2023,1,27,359,0,107642809,56
406,WAIT FOR U (feat. Drake & Tems),"Drake, Future, Tems",3,2022,4,27,5491,14,556585270,84
407,Don't Start Now,Dua Lipa,1,2019,10,31,27119,0,2303033973,77
408,After Dark,Mr.Kitty,1,2014,8,8,1776,14,646886885,9
411,MIDDLE OF THE NIGHT,Elley Duhï¿,1,2020,1,10,4057,8,872137015,21
412,Atlantis,Seafret,1,2015,4,22,3045,6,571386359,53
414,Evoque Prata,"DJ Escobar, MC MENOR SG, MC MENOR HR",3,2022,9,9,852,0,174006928,1
415,How Do I Say Goodbye,Dean Lewis,1,2022,8,5,2163,15,284785823,97
416,Blind,SZA,1,2022,12,9,1484,0,163284000,51
417,Die For You,Joji,1,2022,11,4,1703,0,246390068,45
418,Doja,Central Cee,1,2022,7,20,4169,44,482257456,44
419,Gatita,Bellakath,1,2022,10,3,1054,0,168684524,0
420,Rumble,"Skrillex, Flowdan, Fred again..",3,2022,1,17,2849,0,78489819,45
421,Niagara Falls (Foot or 2) [with Travis Scott & 21 Savage],"Travis Scott, 21 Savage, Metro Boomin",3,2022,12,2,1602,0,195516622,22
422,Yonaguni,Bad Bunny,1,2021,6,4,9644,28,1260594497,86
423,Super Freaky Girl,Nicki Minaj,1,2022,8,12,4827,0,428685680,17
424,Running Up That Hill (A Deal With God),Kate Bush,1,1985,9,16,21811,0,1024858327,1
425,Dream On,Aerosmith,1,1973,1,5,168,0,838586769,0
426,Limbo,Freddie Dredd,1,2022,8,11,688,0,199386237,1
427,Where Are You Now,"Lost Frequencies, Calum Scott",2,2021,7,30,10565,44,972509632,122
428,WORTH NOTHING,"Twisted, Oliver Tree",2,2022,9,28,1612,0,213438580,54
430,KICK BACK,Kenshi Yonezu,1,2022,10,12,574,4,210038833,101
431,Evergreen (You Didnï¿½ï¿½ï¿½t Deserve Me A,Omar Apollo,1,2022,4,8,2499,0,227918678,0
432,Good Days,SZA,1,2020,12,24,10426,2,826623384,109
433,Levitating (feat. DaBaby),"Dua Lipa, DaBaby",2,2020,3,27,15894,8,1802514301,13
435,Shut up My Moms Calling - (Sped Up),Hotel Ugly,1,2022,9,14,713,7,181831132,4
436,Ferrari,"James Hype, Miggy Dela Rosa",2,2022,3,14,7758,28,462791599,79
437,"You're On Your Own, Kid",Taylor Swift,1,2022,10,21,2537,2,348647203,18
439,Agudo Mï¿½ï¿½gi,"Styrx, utku INC, Thezth",3,1930,1,1,323,0,90598517,0
445,It's Beginning To Look A Lot Like Christmas,Michael Bublï¿,1,2011,10,14,12353,0,807561936,0
447,It's the Most Wonderful Time of the Year,Andy Williams,1,1963,10,14,8879,0,663832097,107
448,Let It Snow! Let It Snow! Let It Snow!,Dean Martin,1,1959,11,16,6512,0,446390129,1
450,Underneath the Tree,Kelly Clarkson,1,2013,10,25,6596,0,485285717,99
451,Feliz Navidad,Josï¿½ï¿½ Felic,1,1970,11,1,3788,0,520034544,3
452,Holly Jolly Christmas,Michael Bublï¿,1,2011,10,14,7655,0,476244795,0
453,Mistletoe,Justin Bieber,1,2011,1,1,9577,0,629173063,111
454,Sleigh Ride,The Ronettes,1,1963,11,22,10114,0,404664135,74
455,Seek & Destroy,SZA,1,2022,12,9,1007,0,98709329,31
456,Love Language,SZA,1,2022,12,9,1127,0,110849052,63
457,Happy Xmas (War Is Over),"John Lennon, The Harlem Community Choir, The Plastic Ono Band, Yoko Ono",4,1971,12,1,10829,0,460492795,1
458,Used (feat. Don Toliver),"SZA, Don Toliver",2,2022,12,8,1042,0,94005786,29
460,The Christmas Song (Merry Christmas To You) - Remastered 1999,Nat King Cole,1,1946,11,1,11500,0,389771964,72
461,Wonderful Christmastime - Edited Version / Remastered 2011,Paul McCartney,1,1979,11,16,1685,0,403939487,0
463,Ghost in the Machine (feat. Phoebe Bridgers),"SZA, Phoebe Bridgers",2,2022,12,9,1634,0,110073250,20
465,Merry Christmas Everyone,Shakin' Stevens,1,1984,1,1,1087,0,351636786,35
466,Let It Snow! Let It Snow! Let It Snow!,"Frank Sinatra, B. Swanson Quartet",2,1950,1,1,10585,0,473248298,108
467,SOS,SZA,1,2022,12,9,827,0,73981293,18
468,Open Arms (feat. Travis Scott),"SZA, Travis Scott",2,2022,12,8,1420,4,155653938,87
469,White Christmas,"Bing Crosby, John Scott Trotter & His Orchestra, Ken Darby Singers",3,1942,1,1,11940,0,395591396,79
470,Driving Home for Christmas - 2019 Remaster,Chris Rea,1,1986,1,1,888,0,429504768,0
471,Christmas (Baby Please Come Home),Darlene Love,1,1963,11,22,9122,0,242767149,58
472,Gone Girl,SZA,1,2022,12,9,892,0,65362788,17
473,F2F,SZA,1,2022,12,9,989,0,67540165,9
474,Notice Me,SZA,1,2022,12,9,819,0,62019074,22
476,It's Beginning to Look a Lot Like Christmas (with Mitchell Ayres & His Orchestra),"Perry Como, The Fontane Sisters, Mitchell Ayres & His Orchestra",3,1958,1,1,6290,0,295998468,39
478,Antidepresan,"Mabel Matiz, Mert Demir",2,2022,11,4,313,2,136689549,6
479,Wild Flower (with youjeen),RM,1,2022,12,2,353,2,135611421,74
480,I Hate U,SZA,1,2021,12,3,4094,0,356709897,96
481,Raindrops (Insane) [with Travis Scott],"Travis Scott, Metro Boomin",2,2022,12,2,880,0,110649992,7
482,SPIT IN MY FACE!,ThxSoMch,1,2022,10,31,573,0,301869854,0
483,Deck The Hall - Remastered 1999,Nat King Cole,1,1959,1,1,3299,0,127027715,39
484,Smoking on my Ex Pack,SZA,1,2022,12,9,811,0,57144458,11
485,Conceited,SZA,1,2022,12,9,899,0,56870689,14
486,Snow On The Beach (feat. Lana Del Rey),"Taylor Swift, Lana Del Rey",2,2022,10,21,2415,0,323437194,57
487,Maroon,Taylor Swift,1,2022,10,21,2304,0,317726339,16
488,Tubarï¿½ï¿½o Te,"Dj LK da Escï¿½ï¿½cia, Tchakabum, mc jhenny, M",4,2022,9,28,1003,0,116144341,0
489,Bejeweled,Taylor Swift,1,2022,10,21,2699,0,328207708,35
490,Tarot,"Bad Bunny, Jhay Cortez",2,2022,5,6,2482,20,608228647,77
491,You Make It Feel Like Christmas (feat. Blake Shelton),"Gwen Stefani, Blake Shelton",2,2005,9,20,2577,0,180577478,56
492,Desesperados,"Chencho Corleone, Rauw Alejandro",2,2021,6,25,6821,34,809306935,58
493,Too Late,SZA,1,2022,12,8,714,0,49262961,9
494,Party,"Bad Bunny, Rauw Alejandro",2,2022,5,6,3185,4,614555082,64
495,Run Rudolph Run - Single Version,Chuck Berry,1,1958,1,1,8612,0,245350949,30
496,Jingle Bells - Remastered 1999,Frank Sinatra,1,1957,1,1,4326,0,178660459,3
497,Far,SZA,1,2022,12,9,680,0,51641685,15
498,On Time (with John Legend),"John Legend, Metro Boomin",2,2022,12,2,398,0,78139948,2
499,GATï¿½ï¿½,"Maldy, Karol G",2,2022,8,25,3328,13,322336177,50
502,Is There Someone Else?,The Weeknd,1,2022,1,7,2881,6,391251368,89
503,Fingers Crossed,"Lauren Spencer Smith, Lauren Spencer Smith, Lauren Spencer Smith",3,2022,1,5,2235,0,349585590,7
505,Do It To It,"Cherish, ACRAZE",2,2021,8,20,12403,0,674772936,63
508,How Do I Make You Love Me?,The Weeknd,1,2022,1,7,1915,0,119238316,47
509,Gasoline,The Weeknd,1,2022,1,7,2297,0,116903579,29
510,Infinity,Jaymes Young,1,2017,6,23,4375,0,888046992,0
512,Take My Breath,The Weeknd,1,2021,8,6,2597,0,130655803,80
514,"Here We Goï¿½ï¿½ï¿½ Again (feat. Tyler, the Cr","The Weeknd, Tyler, The Creator",3,2022,1,7,1420,0,88103848,18
515,Best Friends,The Weeknd,1,2022,1,7,1292,0,101114984,18
516,Kiss Me More (feat. SZA),"SZA, Doja Cat",2,2021,4,9,15867,0,1575467011,65
517,I Heard You're Married (feat. Lil Wayne),"The Weeknd, Lil Wayne",2,2022,1,7,1178,0,91656026,10
521,Dawn FM,The Weeknd,1,2022,1,7,811,0,53933526,8
522,Surface Pressure,Jessica Darrow,1,2021,11,19,1756,0,267758538,48
523,Starry Eyes,The Weeknd,1,2022,1,7,1014,0,74601456,17
524,THATS WHAT I WANT,Lil Nas X,1,2021,9,17,7963,0,920797189,7
525,One Right Now (with The Weeknd),"The Weeknd, Post Malone",2,2021,11,5,4771,0,539595276,18
526,Beggin,Mï¿½ï¿½ne,1,2017,12,8,8559,0,1367810478,64
527,Mon Amour - Remix,"Aitana, zzoilo",2,2020,9,21,3221,2,578207856,13
528,Lo Siento BB:/ (with Bad Bunny & Julieta Venegas),"Julieta Venegas, Bad Bunny, Tainy",3,2021,10,5,3423,26,775542072,65
530,The Motto,"Tiï¿½ï¿½sto, Ava",2,2021,11,4,9151,6,656013912,107
536,Malvadï¿½ï¿,"Xamï¿½ï¿½, Gustah, Neo B",3,2021,11,30,648,1,240684449,3
538,Donï¿½ï¿½ï¿½t Break My,The Weeknd,1,2022,1,7,1184,0,63803529,5
539,Oh My God,Adele,1,2021,11,19,4431,0,466214729,7
540,Entre Nosotros (Remix) [con Nicki Nicole],"Lit Killah, Maria Becerra, Tiago pzk, NICKI NICOLE",4,2022,1,5,759,3,236940480,0
541,A Tale By Quincy,The Weeknd,1,2022,1,7,733,0,41924466,2
542,I AM WOMAN,Emmy Meli,1,2021,11,18,2795,0,225259194,0
543,Medallo,"Justin Quiles, Lenny Tavï¿½ï¿½rez, BL",3,2021,10,27,2780,2,393230256,21
544,It'll Be Okay,Shawn Mendes,1,2021,12,1,1950,0,287201015,8
545,Softcore,The Neighbourhood,1,2018,3,9,3947,12,599770206,102
546,Super Gremlin,Kodak Black,1,2021,10,30,2551,0,342779426,15
547,Volvï¿,"Aventura, Bad Bunny",2,2021,8,3,5375,10,673801126,24
548,Todo De Ti,Rauw Alejandro,1,2020,11,2,11975,8,1168642797,75
550,Smokin Out The Window,"Bruno Mars, Anderson .Paak, Silk Sonic",3,2021,11,5,4963,0,383550148,40
551,Meet Me At Our Spot,"THE ANXIETY, Willow, Tyler Cole",3,2020,3,13,6734,0,530511203,14
553,Tacones Rojos,Sebastian Yatra,1,2021,10,22,3047,9,510876816,31
555,Dakiti,"Bad Bunny, Jhay Cortez",2,2020,10,30,11215,21,1763363713,166
556,"Tiago PZK: Bzrp Music Sessions, Vol. 48","Bizarrap, Tiago pzk",2,2021,12,29,1678,12,374191487,4
557,Lï¿½ï¿½ï¿,Stromae,1,2022,1,9,2035,0,108809090,122
558,Nostï¿½ï¿½l,"Chris Brown, Rvssian, Rauw Alejandro",3,2021,9,8,2780,2,436695353,76
561,Sad Girlz Luv Money Remix (feat. Kali Uchis),"Kali Uchis, Amaarae, Moliy",3,2021,9,16,3643,0,354065229,3
562,Butter,BTS,1,2021,5,21,4779,6,1143647827,135
563,pushin P (feat. Young Thug),"Young Thug, Future, Gunna",3,2022,1,7,3517,0,311395144,28
564,You Right,"Doja Cat, The Weeknd",2,2021,6,24,5073,0,672656250,9
565,deja vu,Olivia Rodrigo,1,2021,4,1,7545,4,1256880657,39
567,TO THE MOON,Jnr Choi,1,2021,11,5,2979,0,245095641,0
568,Lost in the Fire,"The Weeknd, Gesaffelstein",2,2019,1,11,7731,2,686734357,145
569,Salimo de Noche,"Trueno, Tiago pzk",2,2021,10,21,1057,0,261414174,5
570,Volando - Remix,"Sech, Bad Bunny, Mora",3,2021,7,8,3272,19,610045621,34
571,Leave The Door Open,"Bruno Mars, Anderson .Paak, Silk Sonic",3,2021,3,5,14417,0,1115880852,123
572,Knife Talk (with 21 Savage ft. Project Pat),"Drake, Project Pat, 21 Savage",3,2021,9,3,5199,0,594482982,43
573,Don't Be Shy,"Tiï¿½ï¿½sto, Kar",2,2021,8,1,6026,0,566954746,51
574,Love Grows (Where My Rosemary Goes),Edison Lighthouse,1,1970,1,1,2877,0,BPM110KeyAModeMajorDanceability53Valence75Energy69Acousticness7Instrumentalness0Liveness17Speechiness3,0
576,The Family Madrigal,"Olga Merediz, Stephanie Beatriz, Encanto - Cast",3,2021,11,19,1150,0,184937148,38
577,Phantom Regret by Jim,The Weeknd,1,2022,1,7,768,0,31959571,1
579,Freaks,Surf Curse,1,2015,5,10,3006,3,824420218,21
580,Acapulco,Jason Derulo,1,2021,9,1,3098,0,363467642,5
581,Daddy Issues,The Neighbourhood,1,2015,10,30,9771,4,1127468248,70
582,thought i was playing,"21 Savage, Gunna",2,2022,1,7,807,0,60680939,0
583,ELEVEN,IVE,1,2021,12,1,521,1,247737946,89
585,What Else Can I Do?,"Stephanie Beatriz, Diane Guerrero",2,2021,11,19,802,0,154797871,27
587,Miserable Man,David Kushner,1,2022,1,7,788,0,124407432,0
588,happier,Olivia Rodrigo,1,2021,5,21,3069,4,850608354,46
589,Praise God,Kanye West,1,2021,8,29,4651,0,376333030,6
590,Get Into It (Yuh),Doja Cat,1,2021,6,25,4999,0,516784627,19
591,Before You Go,Lewis Capaldi,1,2019,11,1,8327,24,1608045237,130
592,Sky,Playboi Carti,1,2020,12,25,3297,3,506778838,3
593,Rolling in the Deep,Adele,1,2010,11,29,35684,6,1472799873,125
594,Sobrio,Maluma,1,2021,7,8,3506,10,513643924,76
595,Peru,"Ed Sheeran, Fireboy DML",2,2021,12,23,2999,0,261286503,17
596,favorite crime,Olivia Rodrigo,1,2021,5,21,3681,0,783706581,21
597,Thunder,"Prezioso, Gabry Ponte, LUM!X",3,2021,5,7,4846,10,422691058,16
598,The Business,Tiï¿½ï¿,1,2020,1,1,14311,0,1062345656,32
600,I WANNA BE YOUR SLAVE,Mï¿½ï¿½ne,1,2021,3,19,4873,0,851070493,88
601,Vai Lï¿½ï¿½ Em Casa ,"Marï¿½ï¿½lia Mendonï¿½ï¿½a, George Henrique &",2,2021,10,22,772,0,263894529,3
602,The Feels,TWICE,1,2021,10,1,1150,0,345903614,99
604,No Lie,"Sean Paul, Dua Lipa",2,2016,11,18,7370,0,956865266,127
605,OUT OUT (feat. Charli XCX & Saweetie),"Charli XCX, Jax Jones, Joel Corry, Saweetie",4,2021,8,13,6890,0,427486004,11
606,Pope Is a Rockstar,SALES,1,2016,4,20,1966,0,156658366,2
607,2055,Sleepy hallow,1,2021,4,14,2226,0,624515457,0
608,Bored,Billie Eilish,1,2017,3,30,4204,0,777765388,45
610,Astronaut In The Ocean,Masked Wolf,1,2019,1,1,7191,0,1138474110,18
611,Ley Seca,"Anuel Aa, Jhay Cortez",2,2021,9,2,2012,0,355219175,12
612,Every Summertime,NIKI,1,2021,8,10,1211,2,290228626,2
613,Talking To The Moon,Bruno Mars,1,2010,10,4,7109,2,1062956628,0
614,you broke me first,Tate McRae,1,2020,4,17,6638,0,1180094974,19
615,The Nights,Avicii,1,2014,1,1,17354,8,1456081449,122
616,Take My Breath,The Weeknd,1,2021,8,6,6392,0,432702334,73
617,Way 2 Sexy (with Future & Young Thug),"Drake, Future, Young Thug",3,2021,9,3,5481,0,489945871,30
618,Cï¿½ï¿½,Rauw Alejandro,1,2021,6,25,2636,3,465959382,82
619,Enemy - from the series Arcane League of Legends,"Imagine Dragons, League of Legends, Arcane",3,2021,10,27,824,0,1223481149,8
621,Lucid Dreams,Juice WRLD,1,2017,6,15,14749,0,2288695111,34
622,Quï¿½ï¿½ Mï¿½ï¿,"J Balvin, Maria Becerra",2,2021,1,28,8087,0,720825549,34
623,All of Me,John Legend,1,2013,8,1,27221,0,2086124197,118
624,Smells Like Teen Spirit - Remastered 2021,Nirvana,1,1991,9,10,49991,9,1690192927,121
626,Fair Trade (with Travis Scott),"Drake, Travis Scott",2,2021,9,3,5403,6,593917618,116
627,Bar,"Tini, L-Gante",2,2021,11,11,755,4,200972675,3
628,The Rumbling (TV Size),SiM,1,2022,1,10,254,0,71014967,4
629,family ties (with Kendrick Lamar),"Kendrick Lamar, Baby Keem",2,2021,8,27,6308,5,560222750,15
630,Mr. Brightside,The Killers,1,2003,9,23,51979,15,1806617704,99
631,Blessed-Cursed,ENHYPEN,1,2022,1,10,246,0,77337771,12
632,AM Remix,"J Balvin, Nio Garcia, Bad Bunny",3,2021,6,24,6556,0,528544703,5
633,Streets,Doja Cat,1,2019,11,7,5728,0,865640097,87
634,Shallow,"Lady Gaga, Bradley Cooper",2,2018,9,27,16636,12,2159346687,155
635,Polaroid Love,ENHYPEN,1,2022,1,10,461,0,211372494,56
636,Leave Before You Love Me (with Jonas Brothers),"Marshmello, Jonas Brothers",2,2021,4,28,4893,4,651732901,24
637,Permission to Dance,BTS,1,2021,7,9,1801,2,608334048,134
638,Friday (feat. Mufasa & Hypeman) - Dopamine Re-Edit,"Riton, Nightcrawlers, Mufasa & Hypeman, Dopamine",4,2021,1,15,12043,0,863756573,54
639,RAPSTAR,Polo G,1,2021,4,9,4731,0,797402345,12
640,'Till I Collapse,"Eminem, Nate Dogg",2,2002,5,26,22923,0,1695712020,46
641,Memories,Maroon 5,1,2019,9,20,9974,2,1759567999,67
642,Se Le Ve,"Arcangel, De La Ghetto, Justin Quiles, Lenny Tavï¿½ï¿½rez, Sech, Dalex, Dimelo Flow, Rich Music",8,2021,8,12,1560,0,223319934,0
643,25k jacket (feat. Lil Baby),"Gunna, Lil Baby",2,2022,1,7,620,0,54937991,3
645,Esqueï¿½ï¿½a-Me Se For C,"Marï¿½ï¿½lia Mendonï¿½ï¿½a, Maiara &",2,2021,10,14,580,0,258316038,92
646,Miï¿½ï¿½n,"Tini, Maria Becerra",2,2021,4,29,3406,16,596152090,23
647,Sï¿½ï¿½,"Anuel Aa, Myke Towers, Jhay Cortez",3,2021,11,18,903,0,177129919,26
648,MAMIII,"Karol G, Becky G",2,2022,2,10,6809,28,716591492,102
649,Still D.R.E.,"Dr. Dre, Snoop Dogg",2,1999,1,1,33966,0,1210599487,78
650,Stay Alive (Prod. SUGA of BTS),Jung Kook,1,2022,2,11,590,5,246376690,113
651,Boyfriend,Dove Cameron,1,2022,2,11,3766,0,496311364,0
653,The Next Episode,"Dr. Dre, Snoop Dogg",2,1999,1,1,31762,0,843309044,40
654,Light Switch,Charlie Puth,1,2022,1,19,4049,0,500340342,6
655,City of Gods,"Kanye West, Alicia Keys, Fivio Foreign",3,2022,2,11,2096,0,107255472,3
656,Brividi,"Mahmood, Blanco",2,2022,2,2,1175,0,135079152,1
657,Lost,Frank Ocean,1,2012,1,1,29499,11,822239726,27
658,In Da Club,50 Cent,1,2002,1,1,30427,7,1202722675,106
659,she's all i wanna be,Tate McRae,1,2022,2,4,2711,0,343197054,12
660,Ginseng Strip 2002,Yung Lean,1,2013,8,16,4310,0,240769997,0
661,All For Us - from the HBO Original Series Euphoria,"Labrinth, Zendaya",2,2019,8,4,5342,0,426204830,123
662,Notion,The Rare Occasions,1,2016,8,5,2393,0,421135627,13
663,Formula,Labrinth,1,2019,10,4,3444,7,554875730,85
665,Excuses,"Intense, AP Dhillon, Gurinder Gill",3,2020,7,24,272,4,327498031,21
666,Cigarettes,Juice WRLD,1,2021,12,10,975,0,185408548,0
667,"Cayï¿½ï¿½ La Noche (feat. Cruz Cafunï¿½ï¿½, Abhir Hathi, Bejo, EL IMA)","Quevedo, La Pantera, Juseph, Cruz Cafunï¿½ï¿½, Bï¿½ï¿½jo, Abhir Hathi",7,2022,1,14,1034,1,245400167,5
668,California Love - Original Version (Explicit),"Dr. Dre, 2Pac, Roger",3,1995,12,28,18773,0,579395142,17
669,Forgot About Dre,"Eminem, Dr. Dre",2,1999,1,1,19067,0,675039469,15
670,Down Under (feat. Colin Hay),"Luude, Colin Hay",2,2021,11,19,3541,2,252871192,13
671,Mujeriego,Ryan Castro,1,2021,12,17,1492,0,231996128,63
672,HUMBLE.,Kendrick Lamar,1,2017,3,30,33206,1,1929770265,114
673,Stan,"Eminem, Dido",2,1999,11,21,17115,0,918915401,63
674,Contection,"GODZZ__-, Zakaria",2,2020,1,16,6955,0,1180896317,45
675,Swim,Chase Atlantic,1,2017,10,4,2742,0,498960285,1
677,Numb Little Bug,Em Beihold,1,2022,1,28,2026,0,258714692,3
678,212,"Mainstreet, Chefin",2,2022,1,15,352,0,143139338,0
679,Problemï¿½,"Alvaro Diaz, Rauw Alejandro",2,2021,10,22,1517,0,209768491,7
680,Bussin,"Nicki Minaj, Lil Baby",2,2022,2,11,847,0,64714573,0
681,Worst Day,Future,1,2022,2,11,910,0,50746620,3
682,Malvada,Zï¿½ï¿½ Fe,1,2022,1,28,601,0,154119539,73
683,Hrs and Hrs,Muni Long,1,2021,11,19,1800,0,181328253,36
684,Alien Blues,Vundabar,1,2015,7,24,1930,0,370068639,0
685,Thinking Out Loud,Ed Sheeran,1,2014,1,1,33032,0,2280566092,129
686,Still Don't Know My Name,Labrinth,1,2019,10,4,6332,0,563902868,116
687,Christmas Tree,V,1,2021,12,24,509,9,317622165,106
689,When I R.I.P.,Labrinth,1,2019,10,4,2578,0,203680270,67
690,Do We Have A Problem?,"Nicki Minaj, Lil Baby",2,2022,2,4,1064,0,81350745,1
691,Forever,Labrinth,1,2019,10,4,3618,0,282883169,86
692,Gospel (with Eminem),"Eminem, Dr. Dre",2,2022,2,4,1040,0,64787943,0
693,Seï¿½ï¿½o,"Shawn Mendes, Camila Cabello",2,2019,6,19,15010,2,2484812918,50
694,NEW MAGIC WAND,"Tyler, The Creator",2,2019,5,16,4708,0,461437791,7
695,Adore You,Harry Styles,1,2019,12,6,13454,1,1439191367,71
696,La Santa,"Daddy Yankee, Bad Bunny",2,2020,2,29,4890,20,759208783,42
697,Something In The Way - Remastered 2021,Nirvana,1,1991,9,24,9514,0,368646862,27
698,Sweetest Pie,"Dua Lipa, Megan Thee Stallion",2,2022,3,11,3501,0,299634472,2
699,Bam Bam (feat. Ed Sheeran),"Camila Cabello, Ed Sheeran",2,2022,3,4,6111,4,756907987,40
700,Una Noche en Medellï¿½,Cris Mj,1,2022,1,21,5415,32,682475162,16
701,Envolver,Anitta,1,2021,11,11,4673,2,546191065,113
702,Starlight,Dave,1,2022,3,3,1856,3,229473310,40
703,Hati-Hati di Jalan,Tulus,1,2022,3,3,200,2,202677468,4
705,DANï¿½ï¿½A,"Mc Pedrinho, Pedro Sampaio",2,2022,2,1,911,2,208166039,0
706,Yo Voy (feat. Daddy Yankee),Zion & Lennox,1,2004,5,4,2954,2,527033089,82
707,"Residente: Bzrp Music Sessions, Vol. 49","Residente, Bizarrap",2,2022,3,3,461,0,94616487,11
708,Jordan,Ryan Castro,1,2021,4,30,2844,2,394030335,2
709,Nail Tech,Jack Harlow,1,2022,2,18,2939,0,193443895,0
710,Chale,Eden Muï¿½ï,1,2022,2,18,695,11,299648208,41
712,Ya No Somos Ni Seremos,Christian Nodal,1,2022,2,18,866,16,319757142,84
714,Freaky Deaky,"Tyga, Doja Cat",2,2022,2,25,1729,0,153240879,1
715,this is what falling in love feels like,JVKE,1,2021,9,3,2005,0,346127840,5
716,La Zona,Bad Bunny,1,2020,2,29,1188,0,312622938,1
718,Hope,XXXTENTACION,1,2018,3,16,3659,0,1200808494,10
719,Levitating,Dua Lipa,1,2020,3,27,9833,0,797196073,82
720,Wake Me Up - Radio Edit,Avicii,1,2013,1,1,50887,34,1970673297,160
721,"jealousy, jealousy",Olivia Rodrigo,1,2021,5,21,3257,0,665765558,0
722,Monï¿½ï¿½y so,YEAT,1,2021,9,10,1473,0,263779030,0
723,Demasiadas Mujeres,C. Tangana,1,2020,10,8,2226,0,339473453,2
724,Something Just Like This,"The Chainsmokers, Coldplay",2,2017,2,22,23375,21,2204080728,188
725,Closer,"The Chainsmokers, Halsey",2,2016,5,31,28032,0,2591224264,159
726,O.O,NMIXX,1,2022,2,22,290,0,135444283,66
728,Tom's Diner,"AnnenMayKantereit, Giant Rooks",2,2019,6,28,2605,0,236872197,48
729,First Class,Jack Harlow,1,2022,4,8,8737,0,694525298,32
731,Fuera del mercado,Danny Ocean,1,2022,2,17,2499,21,421365166,24
732,X ï¿½ï¿½LTIMA,"Daddy Yankee, Bad Bunny",2,2022,3,25,2697,1,349746291,3
733,When You're Gone,Shawn Mendes,1,2022,3,31,2092,0,255120451,11
734,In My Head,Lil Tjay,1,2022,4,1,1185,0,190981339,0
735,Wait a Minute!,Willow,1,2015,1,11,11985,0,924193303,80
736,LOVE DIVE,IVE,1,2022,4,5,753,8,305771063,124
737,Pantysito,"Feid, Alejo, Robi",3,2022,3,18,2995,0,273005485,17
738,Chance,Paulo Londra,1,2022,4,6,225,0,89566512,0
739,Cool for the Summer,Demi Lovato,1,2015,1,1,9243,0,677389855,5
740,psychofreak (feat. WILLOW),"Camila Cabello, Willow",2,2022,4,7,918,0,75476209,0
741,Angel Baby,Troye Sivan,1,2021,9,9,1959,9,408843328,25
742,Vampiro,"Matuï¿½ï¿½, Wiu, ",3,2022,1,30,540,4,187772591,3
743,Si Quieren Frontear,"De La Ghetto, Duki, Quevedo",3,2022,3,31,859,0,178512385,0
744,Right On,Lil Baby,1,2022,4,8,1116,0,101780047,9
746,That's Hilarious,Charlie Puth,1,2022,4,8,686,2,146363130,6
747,Soy El Unico,Yahritza Y Su Esencia,1,2022,3,25,226,0,126443991,0
748,RUMBATï¿½,Daddy Yankee,1,2022,3,25,1264,0,157990698,4
749,sentaDONA (Remix) s2,"Luï¿½ï¿½sa Sonza, MC Frog, Dj Gabriel do Borel, Davi K",4,2022,3,17,870,0,176290831,0
750,Falling,Harry Styles,1,2019,12,13,7556,0,1023187129,24
751,Sigue,"Ed Sheeran, J Balvin",2,1996,11,24,1370,0,106933107,8
752,Fim de Semana no Rio,teto,1,2022,3,30,315,2,139193812,2
753,MANIAC,Stray Kids,1,2022,3,18,651,0,212234990,188
754,There's Nothing Holdin' Me Back,Shawn Mendes,1,2016,9,23,12382,0,1714490998,57
755,IDGAF (with blackbear),"Blackbear, BoyWithUke",2,2022,3,18,625,0,197643795,2
756,Golden,Harry Styles,1,2019,12,13,8429,1,807015863,24
757,Get Lucky - Radio Edit,"Pharrell Williams, Nile Rodgers, Daft Punk",3,2013,1,1,52898,0,933815613,1
758,Ain't Shit,Doja Cat,1,2021,6,25,3436,0,499710590,6
759,"Nobody Like U - From ""Turning Red""","Jordan Fisher, Josh Levi, Finneas O'Connell, 4*TOWN (From Disney and Pixarï¿½ï¿½ï¿½s Turning Red), Topher Ngo, Grayson Vill",6,2022,2,25,918,0,120847157,39
760,Still Life,BIGBANG,1,2022,4,5,181,0,53909146,14
761,Photograph,Ed Sheeran,1,2014,6,20,18778,3,2236667932,105
762,Love Yourself,Justin Bieber,1,2015,11,9,22730,5,2123309722,87
763,N95,Kendrick Lamar,1,2022,5,13,5542,0,301242089,16
764,About Damn Time,Lizzo,1,2022,4,14,9021,0,723894473,49
765,Die Hard,"Kendrick Lamar, Blxst, Amanda Reifer",3,2022,5,13,4627,0,237351106,13
766,Despuï¿½ï¿½s de la P,Bad Bunny,1,2022,5,6,2229,0,461558540,44
768,United In Grief,Kendrick Lamar,1,2022,5,13,2575,0,156898322,5
769,Father Time (feat. Sampha),"Kendrick Lamar, Sampha",2,2022,5,13,3107,0,127309180,0
771,Rich Spirit,Kendrick Lamar,1,2022,5,13,3486,0,173702135,10
773,Me Fui de Vacaciones,Bad Bunny,1,2022,5,6,1443,0,305650299,11
774,Silent Hill,"Kendrick Lamar, Kodak Black",2,2022,5,13,3028,0,123216717,0
775,La Corriente,"Tony Dize, Bad Bunny",2,2022,5,6,1796,8,479655659,25
776,Count Me Out,Kendrick Lamar,1,2022,5,13,2729,0,126191104,7
777,Andrea,"Buscabulla, Bad Bunny",2,2022,5,6,1195,0,344055883,30
778,Dos Mil 16,Bad Bunny,1,2022,5,6,892,3,338422004,24
779,We Cry Together,"Kendrick Lamar, Taylour Paige",2,2022,5,13,1635,0,68895644,1
780,Savior,"Kendrick Lamar, Sam Dew, Baby Keem",3,2022,5,13,2291,0,86176890,0
781,Un Coco,Bad Bunny,1,2022,5,6,1029,28,403231558,28
782,Otro Atardecer,"Bad Bunny, The Marï¿½ï",2,2022,5,6,1681,7,319546754,30
783,Worldwide Steppers,Kendrick Lamar,1,2022,5,13,1480,0,61739839,0
784,Aguacero,Bad Bunny,1,2022,5,6,829,0,283359161,15
785,Purple Hearts,"Kendrick Lamar, Ghostface Killah, Summer Walker",3,2022,5,13,2308,0,76831876,0
786,Un Verano Sin Ti,Bad Bunny,1,2022,5,6,1004,1,283332261,12
787,ULTRA SOLO,"Polima WestCoast, Pailita",2,2022,2,14,1367,0,307752576,4
788,Ensï¿½ï¿½ï¿½ï¿½ame ,Bad Bunny,1,2022,5,6,1112,3,279737940,25
789,El Apagï¿½,Bad Bunny,1,2022,5,6,1209,0,212351890,7
790,Callaita,"Bad Bunny, Tainy",2,2019,5,31,9539,15,1304313953,116
791,Dua Lipa,Jack Harlow,1,2022,5,6,1992,0,150500965,0
792,Agosto,Bad Bunny,1,2022,5,6,897,0,246127838,20
793,House Of Memories,Panic! At The Disco,1,2016,1,15,2948,0,582863434,2
794,Mr. Morale,"Kendrick Lamar, Tanna Leone",2,2022,5,13,1860,0,58687425,0
795,That That (prod. & feat. SUGA of BTS),"PSY, Suga",2,2022,4,29,802,0,212109195,81
796,In The Stars,Benson Boone,1,2022,4,29,2224,8,382199619,40
797,Rich - Interlude,Kendrick Lamar,1,2022,5,13,1103,0,41210087,0
798,SUPERMODEL,Mï¿½ï¿½ne,1,2022,5,13,2265,0,231657891,12
799,Stefania (Kalush Orchestra),KALUSH,1,2022,3,10,555,0,53729194,4
800,Thousand Miles,The Kid Laroi,1,2022,4,22,2050,0,244741137,9
801,Crown,Kendrick Lamar,1,2022,5,13,1493,0,42485571,0
802,Auntie Diaries,Kendrick Lamar,1,2022,5,13,1545,0,37778188,0
803,PUFFIN ON ZOOTIEZ,Future,1,2022,4,29,2350,0,254218729,42
804,Mirror,Kendrick Lamar,1,2022,5,13,1929,0,53603447,0
805,Beautiful Girl,Luciano,1,2022,4,22,710,4,160035717,11
807,Savior - Interlude,Kendrick Lamar,1,2022,5,13,1194,0,37091576,0
808,Pasoori,"Shae Gill, Ali Sethi",2,2022,2,6,349,6,284249832,22
809,Mother I Sober (feat. Beth Gibbons of Portishead),"Kendrick Lamar, Beth Gibbons",2,2022,5,13,1890,0,33381454,0
810,TUS Lï¿½ï¿½GR,"Sech, Mora",2,2022,4,1,1308,2,184622518,16
811,Where Did You Go?,"MNEK, Jax Jones",2,2022,1,26,4531,0,300983101,74
812,I Tried to Tell Y'all,"Ugly Dray, Tesla Jnr",2,2022,5,6,1657,0,121077868,3
813,Honest (feat. Don Toliver),"Justin Bieber, Don Toliver",2,2022,4,29,1351,0,106919680,1
814,ZOOM,Jessi,1,2022,4,13,608,0,136996305,29
815,SloMo,Chanel,1,2021,12,24,1211,0,65719930,0
816,FEARLESS,LE SSERAFIM,1,2022,5,2,629,0,229497852,75
817,10 Things I Hate About You,Leah Kate,1,2022,3,23,1301,0,185550869,1
818,SPACE MAN,Sam Ryder,1,2022,2,22,1329,0,54682594,51
819,With you,"HA SUNG WOON, Jimin",2,2022,4,24,343,2,240580042,35
820,Iris,The Goo Goo Dolls,1,1998,3,31,13101,9,1284942608,5
821,The Heart Part 5,Kendrick Lamar,1,2022,5,8,2939,0,71423324,0
822,San Lucas,Kevin Kaarl,1,2019,11,7,407,1,244891912,0
823,This Love (Taylorï¿½ï¿½ï¿½s Ve,Taylor Swift,1,2022,5,6,1492,0,132171975,2
824,Good Looking,Suki Waterhouse,1,2017,10,20,2264,0,184706613,6
825,Flowers,Lauren Spencer Smith,1,2021,8,9,801,0,184826429,9
826,Yet To Come,BTS,1,2022,6,10,829,0,302006641,110
827,Run BTS,BTS,1,2022,6,10,736,0,330881149,132
828,Music For a Sushi Restaurant,Harry Styles,1,2022,5,20,4449,1,334733572,11
829,Matilda,Harry Styles,1,2022,5,20,3218,3,366214458,10
830,For Youth,BTS,1,2022,6,10,327,0,114546317,40
832,Vegas (From the Original Motion Picture Soundtrack ELVIS),Doja Cat,1,2022,5,6,4576,0,448500832,13
833,Cash In Cash Out,"Pharrell Williams, Tyler, The Creator, 21 Savage",4,2022,6,10,2313,0,136676504,0
834,Potion (with Dua Lipa & Young Thug),"Calvin Harris, Dua Lipa, Young Thug",3,2022,5,27,3983,0,190625045,45
835,Born Singer,BTS,1,2022,6,10,279,0,79095270,18
836,Little Freak,Harry Styles,1,2022,5,20,2302,0,273194684,3
837,La Llevo Al Cielo (Ft. ï¿½ï¿½engo F,"Nengo Flow, Anuel Aa, Chris Jedi, Chencho Corleone",4,2022,5,20,3559,3,333146475,1
838,True Love,"Kanye West, XXXTENTACION",2,2022,5,27,2129,0,194902696,1
840,Pass The Dutchie,Musical Youth,1,1982,1,1,5328,0,195918494,76
841,"Villano Antillano: Bzrp Music Sessions, Vol. 51","Bizarrap, Villano Antillano",2,2022,6,8,1401,0,248511839,16
842,Love Of My Life,Harry Styles,1,2022,5,20,1933,0,233671263,2
843,Grapejuice,Harry Styles,1,2022,5,20,1986,0,199587884,1
844,So Good,Halsey,1,2022,6,9,1057,0,91781263,14
845,Belly Dancer,"BYOR, Imanbek",2,2022,2,18,5115,13,383835984,38
846,Keep Driving,Harry Styles,1,2022,5,20,2094,1,236060709,1
847,Cinema,Harry Styles,1,2022,5,20,2171,0,189236868,1
848,Die Young (feat. 347aidan),"Sleepy hallow, 347aidan",2,2022,5,25,896,0,160845341,0
849,Only Love Can Hurt Like This,Paloma Faith,1,2014,1,1,5148,0,588955257,22
850,Hold My Hand,Lady Gaga,1,2022,5,3,2528,0,238350348,8
851,Daydreaming,Harry Styles,1,2022,5,20,1900,1,187703102,1
853,Nos Comemos (feat. Ozuna),"Ozuna, Tiago pzk",2,2022,6,2,896,0,138334433,0
854,Me and Your Mama,Childish Gambino,1,2016,11,10,8775,0,445590495,60
855,Crazy What Love Can Do,"David Guetta, Ella Henderson, Becky Hill",3,2022,3,18,5290,0,286739476,73
856,SLOW DANCING IN THE DARK,Joji,1,2018,9,12,10211,0,1122364376,79
857,Antes de Perderte,Duki,1,2022,6,2,584,8,157136970,1
859,295,Sidhu Moose Wala,1,2021,5,15,246,4,183273246,106
861,En El Radio Un Cochinero,Victor Cibrian,1,2022,5,13,514,0,164856284,36
862,Master of Puppets (Remastered),Metallica,1,1986,3,3,6080,0,704171068,198
863,BREAK MY SOUL,Beyoncï¿,1,2022,6,21,9724,0,354614964,61
864,ULTRA SOLO REMIX,"De La Ghetto, Feid, Polima WestCoast, Paloma Mami, Pailita",5,2022,6,16,2341,0,279717388,2
865,Massive,Drake,1,2022,6,17,5263,0,195628667,89
866,Betty (Get Money),Yung Gravy,1,2022,6,10,2402,0,221752937,2
867,Ojos Marrones,Lasso,1,2022,2,6,795,11,263280370,18
868,POP!,Nayeon,1,2022,6,24,571,0,213505179,21
869,Layla,"Schï¿½ï¿½rze, DJ R",2,2022,3,24,832,3,130419412,124
870,MORE,j-hope,1,2022,7,1,565,0,155795783,52
871,Sweet Child O' Mine,Guns N' Roses,1,1987,1,1,41231,1,1553497987,151
872,Last Last,Burna Boy,1,2022,5,12,4526,12,293466523,275
874,Sticky,Drake,1,2022,6,17,2814,0,191448892,105
875,Hot Shit (feat. Ye & Lil Durk),"Kanye West, Lil Durk, Cardi B",3,2022,7,1,1601,0,85924992,0
876,Ai Preto,"L7nnon, DJ Biel do Furduncinho, Bianca",3,2022,6,3,894,4,176103902,0
877,La Loto,"Anitta, Tini, Becky G",3,2022,7,6,945,0,121189256,3
878,die first,Nessa Barrett,1,2022,6,24,767,0,131746175,0
879,Afraid To Feel,LF System,1,2022,5,2,5898,5,244790012,55
880,Baile no Morro,"Mc Vitin Da Igrejinha, MC Tairon, DJ Win",3,2022,6,10,685,2,129314708,0
881,cï¿½ï¿½mo dormi,Rels B,1,2022,8,4,1452,35,331511413,15
883,STAYING ALIVE (feat. Drake & Lil Baby),"Drake, DJ Khaled, Lil Baby",3,2022,8,5,2107,0,170732845,1
885,Si Te La Encuentras Por Ahï¿,Feid,1,2022,8,5,1379,4,179061440,10
886,GIVENCHY,Duki,1,2022,7,20,625,4,185236961,18
887,ALIEN SUPERSTAR,Beyoncï¿,1,2022,7,29,2688,0,171788484,47
888,Mary On A Cross,Ghost,1,2019,9,13,2668,2,387080183,266
889,Attention,NewJeans,1,2022,8,1,799,12,264717480,141
890,THE SHADE,Rex Orange County,1,2022,3,11,1189,6,244928911,10
891,"Come Back Home - From ""Purple Hearts""",Sofia Carson,1,2022,7,12,367,0,97610446,67
892,El Rescate,"Grupo Marca Registrada, Junior H",2,2022,7,22,527,4,287278853,43
893,Heartless,Kanye West,1,2008,1,1,17504,34,887906111,39
894,"Stay With Me (with Justin Timberlake, Halsey, & Pharrell)","Calvin Harris, Halsey, Pharrell Williams, Justin Timberlake",4,2022,7,15,3113,0,123473120,6
896,JGL,"Luis R Conriquez, La Adictiva",2,2022,2,18,782,9,323455692,33
897,Don't You Worry,"David Guetta, Shakira, Black Eyed Peas",3,2022,6,16,2442,0,240918092,4
898,Pipoco,"Melody, Ana Castela, Dj Chris No Beat",3,2022,5,20,1112,4,191873381,2
900,Forget Me,Lewis Capaldi,1,2022,9,9,2520,4,239411309,95
902,Bound 2,Kanye West,1,2013,1,1,19806,7,703301727,11
904,Talk that Talk,TWICE,1,2022,8,26,615,0,189476119,77
905,BILLIE EILISH.,Armani White,1,2022,1,20,2537,0,277132266,1
906,Ferxxo 100,Feid,1,2022,6,3,1647,30,278920007,49
907,KU LO SA - A COLORS SHOW,Oxlade,1,2022,6,10,2019,8,222410722,72
908,Prohibidox,Feid,1,2022,9,13,1473,12,185392587,36
909,Static,Steve Lacy,1,2022,7,15,1613,0,202452860,15
910,The Scientist,Coldplay,1,2002,8,5,30992,6,1608164312,25
911,Sparks,Coldplay,1,2000,7,10,10826,4,624101957,0
912,Talk,YEAT,1,2022,9,2,920,0,148461629,1
913,XQ Te Pones Asï¿,"Yandel, Feid",2,2022,9,13,308,0,47093942,1
914,Selfish,PnB Rock,1,2016,6,23,2468,0,380319238,0
915,Sin Seï¿½ï,"Ovy On The Drums, Quevedo",2,2022,7,22,1097,2,209106362,10
916,Lady Mi Amor,Feid,1,2022,9,13,330,0,53987404,0
917,Poland,Lil Yachty,1,2022,6,23,1584,0,115331792,0
918,THE LONELIEST,Mï¿½ï¿½ne,1,2022,10,7,1585,5,225093344,65
919,Bye Bye,"Marshmello, Juice WRLD",2,2022,10,14,766,0,84697729,0
920,BABY OTAKU,"Fran C, Polima WestCoast, Nickoog Clk, Pablito Pesadilla",4,2022,8,18,836,0,159240673,1
921,Nxde,(G)I-DLE,1,2022,10,17,430,6,170709584,116
922,Miss You,Southstar,1,1982,5,16,2020,0,154356956,10
923,we fell in love in october,girl in red,1,2018,11,21,6858,0,723043854,21
924,2 Be Loved (Am I Ready),Lizzo,1,2022,7,14,3682,6,247689123,0
925,Celestial,Ed Sheeran,1,2022,9,29,1639,0,176474912,14
926,Typa Girl,BLACKPINK,1,2022,9,16,452,10,235549288,129
928,California Breeze,Lil Baby,1,2022,10,14,991,0,85559365,38
929,Bamba (feat. Aitch & BIA),"Luciano, Aitch, Bï¿½",3,2022,9,22,869,7,146223492,12
930,Casei Com a Putaria,"MC Ryan SP, Love Funk, Mc Paiva ZS",3,2022,7,1,648,4,187701588,0
931,Major Distribution,"Drake, 21 Savage",2,2022,11,4,1545,0,154863153,7
932,Pussy & Millions (feat. Travis Scott),"Drake, Travis Scott, 21 Savage",3,2022,11,4,1930,0,191333656,8
933,Vigilante Shit,Taylor Swift,1,2022,10,21,1948,0,253650850,9
934,Question...?,Taylor Swift,1,2022,10,21,1608,0,223064273,3
935,On BS,"Drake, 21 Savage",2,2022,11,4,1338,0,170413877,20
936,Mastermind,Taylor Swift,1,2022,10,21,1936,0,218320587,5
937,Circo Loco,"Drake, 21 Savage",2,2022,11,4,1794,0,141720999,9
939,Spin Bout U,"Drake, 21 Savage",2,2022,11,4,1652,2,198365537,52
941,"Would've, Could've, Should've",Taylor Swift,1,2022,10,21,1715,0,177503916,5
942,Con La Brisa,"Ludwig Goransson, Foudeqush",2,2022,11,4,486,0,71095708,1
943,Privileged Rappers,"Drake, 21 Savage",2,2022,11,4,1007,0,112436403,5
944,The Astronaut,Jin,1,2022,10,28,481,9,203436468,100
945,BackOutsideBoyz,Drake,1,2022,11,4,1045,0,93367537,5
946,Broke Boys,"Drake, 21 Savage",2,2022,11,4,1060,0,106249219,8
947,The Great War,Taylor Swift,1,2022,10,21,1274,0,181382590,6
948,My Mind & Me,Selena Gomez,1,2022,11,3,953,0,91473363,13
949,Bigger Than The Whole Sky,Taylor Swift,1,2022,10,21,1180,0,121871870,0
950,A Veces (feat. Feid),"Feid, Paulo Londra",2,2022,11,3,573,0,73513683,0
951,En La De Ella,"Feid, Sech, Jhayco",3,2022,10,20,1320,0,133895612,26
952,Alone,Burna Boy,1,2022,11,4,782,2,96007391,18
